{
  "Badge Text" : "",
  "Working Directory" : "",
  "Prompt Before Closing 2" : false,
  "Selected Text Color" : {
    "Blue Component" : 0.56363654136657715,
    "Green Component" : 0.56485837697982788,
    "Red Component" : 0.50599193572998047
  },
  "Rows" : 25,
  "Ansi 11 Color" : {
    "Blue Component" : 0.43850564956665039,
    "Green Component" : 0.40717673301696777,
    "Red Component" : 0.32436618208885193
  },
  "Use Italic Font" : true,
  "Foreground Color" : {
    "Blue Component" : 0.51685798168182373,
    "Green Component" : 0.50962930917739868,
    "Red Component" : 0.44058024883270264
  },
  "Right Option Key Sends" : 0,
  "Character Encoding" : 4,
  "Selection Color" : {
    "Blue Component" : 0.19370138645172119,
    "Green Component" : 0.15575926005840302,
    "Red Component" : 0
  },
  "Triggers" : [

  ],
  "Mouse Reporting" : true,
  "Ansi 4 Color" : {
    "Blue Component" : 0.78231418132781982,
    "Green Component" : 0.46265947818756104,
    "Red Component" : 0.12754884362220764
  },
  "Non-ASCII Anti Aliased" : true,
  "Sync Title" : false,
  "Description" : "Default",
  "Disable Window Resizing" : true,
  "Close Sessions On End" : true,
  "Jobs to Ignore" : [
    "rlogin",
    "ssh",
    "slogin",
    "telnet"
  ],
  "Scrollback Lines" : 1000,
  "Flashing Bell" : false,
  "Cursor Guide Color" : {
    "Red Component" : 0.70213186740875244,
    "Color Space" : "sRGB",
    "Blue Component" : 1,
    "Al    "Al    "Al    "Al    " "Green Component" : 0.9268307089805603
  },
  "BM Growl" : true,
  "Ansi 3 Color" : {
    "Blue Component" : 0.0234    "Blue Component" : 0.0234    "Blue C0.   51    "Blue Component" : 0.0234 nt" : 0.64746475219726562
  },
  "Use Non-ASCII Font" : true,
  "AWDS Window Directory" : "",
  "L  "L  "L  "L  "L  "L  "L  "L  "L  "L  "L    "Color Space" : "sRGB",
    "Blue Component" : 0.73423302173614502,
    "Alpha Component" : 1,
    "Green Component" : 0.35916060209274292
  },
  "Shortcut" : "",
  "Background Image Location" : "",
  "Bold Color" : {
    "Blue Compo   t" : 0.56363654136657715,
    "Green Component" : 0.56485837697982788,
    "Red Component" : 0.50599193572998047
  },
  "Unlimited Scrollback" : false,
  "Custom Command" : "No",
  "AWDS Tab Option" : "No",
  "Keyboard Map" : {
    "0x5e-0x60000" : {
      "Text" : "0x1e",
      "Action" : 11
    },
    "0xf702-0x280000" : {
      "Text" : "0x1b 0x1b 0x5b 0x44",
      "Action" : 11
    },
    "0xf702-0x260000" : {
      "Text" : "0x1b 0x1b 0x5b 0x44",
      "Action" : 11
    },
    "0xf703-0x280000" : {
      "Text" : "0x1b 0x1b 0x5b 0x43",
      "Action" : 11
    },
    "0xf70a-0x20000" : {
      "Text" : "[28~",
      "Action" : 10
    },
    "0xf703-0x260000" : {
      "Text" : "[C",
      "Action" : 10
    },
    "0x2d-0x40000" : {
      "Text" : "0x1f",
      "Action" : 11
    },
    "0xf702-0x220000" : {
      "Text" : "[D",
      "Action" : 10
    },
    "0xf703-0x240000" : {
      "Text" : "[5C",
      "Action" : 10
    },
    "0    "0    "0    "0    "0    "0     "[C",
      "Action" : 10
    },
    "0xf700-0x280000" : {
                                                    "0xf72b-0x20000" : {
      "Text" : "[F",
      "Action" : 10
    },
    "0xf700-0x260000" : {
      "Text" : "[A",
      "Action" : 10
    },
    "0xf701-0x280000" : {
      "Text" : "[B",
      "Action" : 10
    },
    "0xf700-0x240000" : {
      "Text" : "[A",
      "Action" : 10
    },
    "0xf701-0x260000" : {
      "Text" : "[B",
      "Action" : 10
    },
    "0xf700-0x220000" : {
      "Text" : "[A",
      "Action" : 10
    },
    "0xf701-0x240000" : {
      "Text" : "[B",
      "Action" : 10
    },
    "0xf72b-0x40000" : {
      "Text" : "",
      "Action" : 4
    },
    "0xf708-0x20000" : {
      "Text" : "[25~",
      "Action" : 10
    },
    "0xf701-0x220000" : {
      "Text" : "[B",
      "Action" : 10
    },
    "0xf709-0x20000" : {
      "Text" : "[26~",
      "Action" : 10
    },
    "0xf70b-0x20000" : {
      "Text" : "[29~",
      "Action" : 10
    },
    "0xf702-0x240000" : {
      "Text" : "[5D",
      "Action" : 10
    },
    "0xf729-0x20000" : {
      "Text" : "[H",
      "Action" : 10
    },
    "0xf729-0x40000" : {
      "Text" : "",
      "Action" : 5
    }
  },
  "Ansi 14 Color" : {
    "Blue Component" : 0.56363654136657715,
    "Green Component" :    "Green Componen8,
    "Red Component" : 0.50599193572998047
  },
  "Ansi 2 Color" : {
    "Blue Component" : 0.020208755508065224,
    "Green Component" : 0.54115492    "Green Componed Component" : 0.44977453351020813
    "Green Componenhen Idle" : false,
  "ASCII Anti Aliased" : true,
  "Tags" : [

  ],
  "Ansi 9 Color" : {
    "Blue Component" : 0.073530435562133789,
    "Green Component" : 0.21325300633907318,
    "Red Component" : 0.74176257848739624
  },
  "Use Bold Font" : true,
  "Silence Bell" : false,
  "Ansi 12 Color" : {
    "Blue Component" : 0.51685798168182373,
    "Green Component" : 0.50962930917739868,
    "Red Component" : 0.44058024883270264
  },
  "Window Type" : 0,
  "Use Bright Bold" : true,
  "Cursor Text Color" : {
    "Blue Component" : 0.19370138645172119,
    "Green Component" : 0.15575926005840302,
    "Red Component" : 0
  },
  "Default Bookmark" : "No",
  "Cursor Color" : {
    "Blue Component" : 0.51685798168182373,
    "Green Component" : 0.50962930917739868,
    "Red Component" : 0.44058024883270264
  },
  "Ansi 1 Color" : {
    "Blue Component" : 0.14145714044570923,
    "Green Component" : 0.10840655118227005,
    "Red Component" : 0.81926977634429932
  },
  "Name" : "\/usr\/local\/bin\/bash",
  "Blinking Cursor" : true,
  "Guid" : "1DD4BE73-0ADD-47C0-8737-AB47E9DEA556",
  "Idle Code" : 0,
  "Ansi 10 Color" : {
    "Blue Component" : 0.38298487663269043,
    "Green Component" : 0.35665956139564514,
    "Red Component" : 0.27671992778778076
  },
  "Ansi 8 Color" : {
    "Blue Component" : 0.15170273184776306,
    "Green Component" : 0.11783610284328461,
    "Red Component" : 0
  },
  "Badge Color" : {
    "Red Component" : 1,
    "Color Space" : "sRGB",
    "Blue Component" : 0,
    "Alpha Component" : 0.5,
    "Green Component" : 0.1491314172744751
  },
  "Smart Cursor Color" : true,
  "Ambiguous  "Ambiguous  "Ambiguo,
  "Ansi 0 Color" : {
    "Blue Component" : 0.19370138645172119,
    "Green Component" : 0.15575926005840302,
    "Red Component" : 0
  },
  "AWDS Pane Directory" : "",
  "Blur" : false,
  "Normal Font" : "RobotoMono-Regular 13",
  "Application Keypad Allowed" : false,
  "Vertical Spacing" : 1,
  "Ansi 7 Color" : {
    "Blue Component" : 0.79781103134155273,
    "Green Component" : 0.89001238346099854,
    "Red Component" : 0.91611063480377197
  },
  "AWDS Tab Directory" : "\n\n# Configure aws cli autocomplete, added by aws.sh\ncomplete -C ~/.virtualenvs/py2-data/bin/aws_completer aws\n\n\n# Configure aws cli autocomplete, added by aws.sh\ncomplete -C ~/.virtualenvs/py3-data/bin/aws_completer aws\n\/Users\/peranakan\/Public\/Dropbox-Personal\/projects",
  "AWDS Pane Option" : "No",
  "Command" : "\/usr\/local\/bin\/bash",
  "Terminal Type" : "xterm-256color",
  "Horizontal Spacing" : 1.0174722326807228,
  "Option Key Sends" : 0,
  "Ansi 15 Color" : {
    "Blue Component" : 0.86405980587005615,
    "Green Component" : 0.95794391632080078,
    "Red Component" : 0.98943418264389038
  },
  "Ansi 6 Color" : {
    "Blue Component" : 0.52502274513244629,
    "Green Component" : 0.57082360982894897,
    "Red Component" : 0.14679534733295441
  },
  "Transparency" : 0,
  "Background Color" : {
    "Blue Component" : 0.15170273184776306,
    "Green Component" : 0.11783610284328461,
    "Red Component" : 0
  },
  "Screen" : -1,
  "AWDS Window Option" : "No",
  "Bound Hosts" : [

  ],
  "Non Ascii Font" : "Monaco 12",
  "Ansi 13 Color" : {
    "Blue Component" : 0.72908437252044678,
    "Green Component" : 0.33896297216415405,
    "Red Component" : 0.34798634052276611
  },
  "Columns" : 80,
  "Use Tab Color" : false,
  "Visual Bell" : true,